GBR,HG00138,HG00142
GBR,HG00252,HG00109
IBS,HG01686,HG01630
CEU,NA11881,NA12760
IBS,HG01608,HG02233
TSI,NA20539,NA20811
FIN,HG00273,HG00369
TSI,NA20765,NA20792
CEU,NA12003,NA11992
TSI,NA20809,NA20759
FIN,HG00182,HG00366
CEU,NA12748,NA11932
FIN,HG00267,HG00280
TSI,NA20812,NA20792
TSI,NA20525,NA20785
CEU,NA12286,NA11992
IBS,HG01527,HG01705
FIN,HG00311,HG00308
CEU,NA12154,NA10851
TSI,NA20521,NA20798
FIN,HG00372,HG00342
FIN,HG00375,HG00325
FIN,HG00278,HG00345
FIN,HG00311,HG00371
TSI,NA20792,NA20805
GBR,HG00155,HG00109
GBR,HG00103,HG00108
CEU,NA11831,NA11829
GBR,HG00260,HG00117
GBR,HG00141,HG01791
FIN,HG00278,HG00335
CEU,NA12154,NA12889
IBS,HG01694,HG01775
IBS,HG01708,HG01503
TSI,NA20532,NA20543
IBS,HG01624,HG01630
FIN,HG00351,HG00271
GBR,HG00148,HG01789
CEU,NA12347,NA10851
TSI,NA20783,NA20511
GBR,HG00157,HG00117
IBS,HG01631,HG01767
GBR,HG00143,HG00108
TSI,NA20767,NA20509
TSI,NA20803,NA20532
GBR,HG00129,HG00157
TSI,NA20539,NA20510
CEU,NA12282,NA11919
TSI,NA20765,NA20581
GBR,HG00105,HG00252
FIN,HG00267,HG00273
FIN,HG00182,HG00311
GBR,HG00136,HG00141
IBS,HG01672,HG02231
GBR,HG01791,HG00159
CEU,NA06984,NA12827
FIN,HG00375,HG00329
FIN,HG00345,HG00375
TSI,NA20785,NA20543
TSI,NA20815,NA20528
CEU,NA12760,NA12286
TSI,NA20538,NA20758
FIN,HG00284,HG00358
TSI,NA20538,NA20785
GBR,HG00243,HG00101
CEU,NA12762,NA12814
GBR,HG00105,HG01791
GBR,HG01334,HG00096
CEU,NA12750,NA12814
FIN,HG00311,HG00273
TSI,NA20525,NA20519
CEU,NA11881,NA11930
IBS,HG01781,HG01608
IBS,HG01530,HG01625
GBR,HG00101,HG01334
TSI,NA20778,NA20759
CEU,NA11881,NA12827
CEU,NA11843,NA12005
CEU,NA11893,NA12546
FIN,HG00182,HG00290
CEU,NA11994,NA12748
IBS,HG01500,HG01521
GBR,HG00251,HG00112
TSI,NA20509,NA20513
FIN,HG00187,HG00372
FIN,HG00369,HG00336
IBS,HG02221,HG01524
FIN,HG00189,HG00280
TSI,NA20765,NA20586
IBS,HG01700,HG01512
CEU,NA12144,NA07048
IBS,HG01675,HG01610
GBR,HG00114,HG00140
FIN,HG00267,HG00310
CEU,NA12413,NA12272
GBR,HG00149,HG01789
TSI,NA20752,NA20515
CEU,NA11930,NA12282
IBS,HG02238,HG01699
TSI,NA20801,NA20765
IBS,HG01699,HG01524
TSI,NA20539,NA20527
FIN,HG00271,HG00188
IBS,HG01686,HG01781
FIN,HG00325,HG00382
GBR,HG00151,HG00131
FIN,HG00273,HG00342
FIN,HG00342,HG00338
FIN,HG00372,HG00321
IBS,HG01518,HG01610
TSI,NA20544,NA20792
CEU,NA11831,NA11893
IBS,HG01775,HG02219
TSI,NA20588,NA20827
TSI,NA20515,NA20539
CEU,NA11881,NA12814
TSI,NA20527,NA20581
TSI,NA20792,NA20755
IBS,HG01615,HG01624
CEU,NA12005,NA11919
CEU,NA11829,NA11919
IBS,HG01624,HG01767
CEU,NA12829,NA11843
GBR,HG00251,HG00265
FIN,HG00358,HG00290
CEU,NA06986,NA10851
IBS,HG01709,HG01705
GBR,HG00105,HG00151
CEU,NA12872,NA12342
TSI,NA20792,NA20801
IBS,HG01775,HG01608
FIN,HG00345,HG00351
GBR,HG00234,HG00157
IBS,HG01708,HG01678
CEU,NA11843,NA11930
IBS,HG01699,HG01675
TSI,NA20586,NA20763
GBR,HG00157,HG00103
TSI,NA20513,NA20521
CEU,NA12750,NA12762
CEU,NA11893,NA12286
GBR,HG01791,HG00119
IBS,HG01682,HG01615
GBR,HG00143,HG00157
FIN,HG00189,HG00329
GBR,HG00243,HG00142
CEU,NA12812,NA12340
FIN,HG00190,HG00329
GBR,HG00114,HG00129
TSI,NA20809,NA20528
IBS,HG01608,HG01680
IBS,HG01530,HG01694
TSI,NA20516,NA20755
TSI,NA20801,NA20521
IBS,HG02238,HG02224
TSI,NA20754,NA20520
TSI,NA20586,NA20543
IBS,HG01708,HG01624
CEU,NA12777,NA12748
CEU,NA11930,NA12144
TSI,NA20536,NA20586
FIN,HG00338,HG00375
IBS,HG01630,HG01524
FIN,HG00308,HG00280
CEU,NA12842,NA07051
TSI,NA20511,NA20810
FIN,HG00284,HG00189
TSI,NA20785,NA20510
CEU,NA11829,NA11881
TSI,NA20792,NA20519
CEU,NA12347,NA12340
CEU,NA12155,NA12777
TSI,NA20532,NA20815
IBS,HG01603,HG01705
IBS,HG01700,HG01530
IBS,HG01682,HG01761
FIN,HG00325,HG00308
GBR,HG00103,HG01334
IBS,HG01709,HG02219
CEU,NA12155,NA11919
CEU,NA11893,NA12874
IBS,HG01630,HG01694
CEU,NA12340,NA12716
GBR,HG00107,HG00136
FIN,HG00290,HG00382
TSI,NA20525,NA20767
TSI,NA20586,NA20544
IBS,HG01518,HG01777
TSI,NA20581,NA20827
IBS,HG01700,HG01775
IBS,HG01617,HG01615
IBS,HG01775,HG02236
FIN,HG00271,HG00280
CEU,NA12889,NA12872
GBR,HG00138,HG00119
FIN,HG00338,HG00181
IBS,HG01500,HG01775
TSI,NA20512,NA20752
GBR,HG00140,HG00116
TSI,NA20509,NA20805
YRI,NA19092,NA18908
ACB,HG02489,HG02334
LWK,NA19430,NA19429
YRI,NA19096,NA18486
LWK,NA19334,NA19372
LWK,NA19360,NA19448
ESN,HG03124,HG03515
LWK,NA19312,NA19350
ACB,HG02501,HG01890
MSL,HG03224,HG03484
ESN,HG03313,HG03268
YRI,NA19146,NA19223
MSL,HG03376,HG03077
YRI,NA18510,NA19175
ESN,HG02977,HG03157
LWK,NA19380,NA19376
MSL,HG03078,HG03436
GWD,HG03039,HG02860
YRI,NA19175,NA19189
LWK,NA19466,NA19430
YRI,NA19184,NA19236
ACB,HG02314,HG02470
ESN,HG03169,HG03112
ASW,NA20362,NA20126
GWD,HG02628,HG02851
ASW,NA20342,NA19900
ASW,NA19922,NA20278
ESN,HG02923,HG03265
GWD,HG03045,HG02813
LWK,NA19461,NA19380
ACB,HG02433,HG02051
MSL,HG03565,HG03376
LWK,NA19443,NA19451
ACB,HG02439,HG02557
ESN,HG03120,HG03166
ASW,NA20318,NA20356
GWD,HG02860,HG02887
GWD,HG02721,HG03258
LWK,NA19443,NA19347
ASW,NA19908,NA20278
ASW,NA20298,NA20346
ESN,HG02923,HG03202
ESN,HG03515,HG03112
LWK,NA19384,NA19025
GWD,HG03240,HG02620
ASW,NA19908,NA20346
ESN,HG03112,HG02953
GWD,HG02623,HG02634
ESN,HG03166,HG03124
ASW,NA20278,NA19922
LWK,NA19376,NA19312
ASW,NA20278,NA20351
YRI,NA19141,NA19213
MSL,HG03057,HG03433
MSL,HG03084,HG03066
MSL,HG03559,HG03066
GWD,HG02854,HG02645
ACB,HG02557,HG02283
ASW,NA20278,NA20346
LWK,NA19376,NA19309
ESN,HG02947,HG02981
MSL,HG03457,HG03469
ACB,HG02307,HG01986
ACB,HG02489,HG02323
MSL,HG03060,HG03394
YRI,NA18486,NA19130
MSL,HG03472,HG03547
ACB,HG02323,HG02442
ACB,HG02489,HG02013
LWK,NA19393,NA19043
ASW,NA20126,NA19922
ACB,HG01990,HG02343
ASW,NA19922,NA20342
ACB,HG01914,HG02557
MSL,HG03451,HG03439
LWK,NA19026,NA19466
YRI,NA18874,NA18871
ACB,HG02484,HG02557
GWD,HG02623,HG02585
YRI,NA19210,NA19098
ACB,HG02554,HG02455
ACB,HG02343,HG02433
LWK,NA19026,NA19360
MSL,HG03096,HG03060
ESN,HG03133,HG03304
ACB,HG01882,HG02557
YRI,NA19117,NA18853
GWD,HG02645,HG02836
ACB,HG01986,HG02470
YRI,NA18871,NA18874
MSL,HG03054,HG03577
GWD,HG02582,HG03027
GWD,HG02804,HG02854
GWD,HG02613,HG02570
GWD,HG02623,HG02982
MSL,HG03209,HG03078
LWK,NA19394,NA19374
ACB,HG02281,HG02541
YRI,NA19141,NA19160
ASW,NA19916,NA20346
ESN,HG03313,HG03100
ACB,HG02496,HG02283
ESN,HG03515,HG03193
LWK,NA19334,NA19331
ACB,HG02051,HG02053
LWK,NA19375,NA19041
ACB,HG01914,HG02442
GWD,HG02666,HG02890
GWD,HG02642,HG02851
ESN,HG03115,HG03169
ASW,NA19922,NA20298
LWK,NA19461,NA19429
ASW,NA20281,NA19834
GWD,HG02819,HG02620
ASW,NA20340,NA20291
ESN,HG03268,HG03172
ASW,NA20340,NA20346
ESN,HG03112,HG03136
ACB,HG02009,HG02013
YRI,NA18501,NA18510
ACB,HG02449,HG02343
GWD,HG02890,HG02645
YRI,NA18856,NA19223
LWK,NA19397,NA19035
ASW,NA20298,NA20356
ACB,HG01988,HG02481
MSL,HG03547,HG03565
YRI,NA18865,NA18510
ESN,HG02977,HG02968
ACB,HG02009,HG01885
ESN,HG03521,HG02941
ASW,NA19904,NA20346
ASW,NA20126,NA19920
ESN,HG03367,HG03311
ACB,HG02323,HG01986
ESN,HG03280,HG03139
ESN,HG03367,HG03343
GWD,HG03258,HG03027
ESN,HG03199,HG03130
YRI,NA19096,NA18923
ESN,HG03196,HG03301
ASW,NA20298,NA19984
MSL,HG03063,HG03436
ESN,HG02923,HG03199
ACB,HG01890,HG02554
ASW,NA19834,NA20342
MSL,HG03394,HG03457
ESN,HG02968,HG03190
YRI,NA18868,NA19138
YRI,NA19138,NA19198
GWD,HG02645,HG02594
ESN,HG03190,HG03175
MSL,HG03469,HG03096
MSL,HG03394,HG03066
GWD,HG03045,HG02461
ASW,NA20346,NA19700
LWK,NA19025,NA19027
ESN,HG03166,HG02977
YRI,NA19236,NA19213
ACB,HG02314,HG01988
MSL,HG03577,HG03478
ESN,HG03313,HG02944
GWD,HG02771,HG02561
ESN,HG03172,HG03199
ESN,HG03124,HG03304
ESN,HG03202,HG02944
ASW,NA20126,NA20348
ACB,HG02449,HG01879
YRI,NA18519,NA19160
ESN,HG02977,HG02973
YRI,NA19210,NA19198
ESN,HG03311,HG03175
YRI,NA18923,NA19189
YRI,NA19119,NA19210
MSL,HG03069,HG03077
ESN,HG03518,HG03124
GWD,HG03258,HG02645
GWD,HG02881,HG02678
LWK,NA19028,NA19360
ASW,NA19818,NA20346
ESN,HG03127,HG03166
YRI,NA19248,NA19153
LWK,NA19375,NA19025
MSL,HG03388,HG03057
ESN,HG03157,HG03175
GWD,HG02715,HG02807
ASW,NA19922,NA20318
GWD,HG02807,HG02887
LWK,NA19350,NA19375
YRI,NA19107,NA19198
ACB,HG02051,HG02143
MSL,HG03478,HG03078
YRI,NA18879,NA19144
MSL,HG03478,HG03063
YRI,NA18874,NA19098
ASW,NA20342,NA19916
YRI,NA18868,NA19248
ESN,HG03367,HG03298
YRI,NA18486,NA18519
MSL,HG03469,HG03385
CLM,HG01277,HG01133
PEL,HG01953,HG01565
CLM,HG01455,HG01550
PUR,HG01082,HG01161
CLM,HG01377,HG01488
CLM,HG01556,HG01491
CLM,HG01256,HG01389
PEL,HG01920,HG01974
MXL,NA19649,NA19774
CLM,HG01461,HG01350
CLM,HG01440,HG01353
CLM,HG01148,HG01389
PUR,HG01066,HG00553
CLM,HG01280,HG01259
MXL,NA19780,NA19723
CLM,HG01253,HG01443
PUR,HG01085,HG01048
PUR,HG01325,HG01107
CLM,HG01121,HG01253
PUR,HG01200,HG00640
CLM,HG01461,HG01464
CLM,HG01353,HG01124
CLM,HG01377,HG01124
PEL,HG02285,HG01970
MXL,NA19676,NA19774
CLM,HG01556,HG01431
CLM,HG01271,HG01374
MXL,NA19682,NA19780
CLM,HG01121,HG01350
CLM,HG01253,HG01121
PUR,HG01047,HG01325
MXL,NA19792,NA19789
PEL,HG01947,HG02277
CLM,HG01353,HG01461
PUR,HG01069,HG01241
MXL,NA19726,NA19786
MXL,NA19726,NA19759
PEL,HG02277,HG02104
PEL,HG01935,HG02285
PEL,HG01950,HG01967
MXL,NA19658,NA19670
CLM,HG01485,HG01277
PUR,HG00736,HG01412
PUR,HG01094,HG01170
PEL,HG01979,HG01565
CLM,HG01280,HG01464
CLM,HG01121,HG01259
PEL,HG01979,HG02002
PUR,HG01066,HG01047
MXL,NA19762,NA19658
PUR,HG01308,HG01088
MXL,NA19729,NA19783
MXL,NA19756,NA19747
PEL,HG01970,HG02274
PEL,HG01938,HG01982
PEL,HG02259,HG02008
PUR,HG01088,HG01161
CLM,HG01556,HG01464
CLM,HG01479,HG01250
PEL,HG01577,HG01991
PEL,HG01950,HG02253
PUR,HG01170,HG01395
CLM,HG01142,HG01344
PEL,HG02262,HG01923
PEL,HG02271,HG01979
CLM,HG01455,HG01497
MXL,NA19792,NA19783
PUR,HG00736,HG01413
PUR,HG01101,HG00637
PEL,HG02150,HG01577
PEL,HG02259,HG01577
MXL,NA19652,NA19789
MXL,NA19774,NA19771
MXL,NA19789,NA19720
PUR,HG00736,HG01048
CLM,HG01344,HG01374
MXL,NA19661,NA19741
PUR,HG01305,HG01412
PUR,HG01075,HG01161
PEL,HG01982,HG01991
MXL,NA19717,NA19726
PEL,HG01892,HG02277
CLM,HG01359,HG01455
PUR,HG01066,HG01247
MXL,NA19655,NA19756
PUR,HG01101,HG01072
CLM,HG01253,HG01356
PUR,HG01187,HG00736
CLM,HG01271,HG01377
CLM,HG01277,HG01121
CLM,HG01464,HG01121
PEL,HG01935,HG01947
CLM,HG01491,HG01344
PUR,HG01311,HG01110
CLM,HG01353,HG01377
PEL,HG01926,HG01932
CLM,HG01112,HG01250
CLM,HG01464,HG01550
CLM,HG01112,HG01121
PUR,HG01072,HG01204
CLM,HG01431,HG01256
PEL,HG01941,HG01938
PUR,HG01398,HG01197
MXL,NA19792,NA19735
CLM,HG01485,HG01148
CLM,HG01356,HG01497
PEL,HG02008,HG01941
MXL,NA19741,NA19679
CLM,HG01256,HG01485
PUR,HG01204,HG00731
MXL,NA19783,NA19658
PUR,HG00739,HG01173
MXL,NA19771,NA19792
PUR,HG01182,HG01088
PUR,HG01308,HG01047
MXL,NA19723,NA19789
PUR,HG01066,HG01161
MXL,NA19780,NA19717
MXL,NA19664,NA19658
PUR,HG01164,HG01190
CLM,HG01350,HG01356
PEL,HG02262,HG02002
CLM,HG01142,HG01133
CLM,HG01253,HG01277
PUR,HG01308,HG01305
CLM,HG01464,HG01479
PEL,HG01938,HG02274
CLM,HG01550,HG01461
CLM,HG01148,HG01353
CLM,HG01256,HG01497
PUR,HG01302,HG01107
MXL,NA19661,NA19649
PEL,HG01920,HG02104
CLM,HG01550,HG01491
PUR,HG01413,HG01075
CLM,HG01130,HG01550
PEL,HG01977,HG01941
PEL,HG01941,HG02299
CLM,HG01359,HG01142
MXL,NA19664,NA19717
MXL,NA19762,NA19717
CLM,HG01362,HG01497
MXL,NA19795,NA19729
MXL,NA19759,NA19789
MXL,NA19747,NA19756
PEL,HG01917,HG01947
PUR,HG01398,HG01104
PEL,HG02262,HG02259
CLM,HG01377,HG01356
MXL,NA19652,NA19723
PUR,HG01197,HG01182
PEL,HG02008,HG01926
CLM,HG01437,HG01383
PUR,HG01047,HG01085
PEL,HG01571,HG01917
PEL,HG01961,HG01926
CLM,HG01136,HG01383
MXL,NA19732,NA19750
PUR,HG00553,HG00739
PUR,HG01187,HG01088
CLM,HG01389,HG01136
MXL,NA19771,NA19741
MXL,NA19658,NA19759
CLM,HG01277,HG01271
CLM,HG01464,HG01374
PUR,HG01047,HG01308
PEL,HG01938,HG02104
CLM,HG01136,HG01148
PEL,HG01944,HG01571
CLM,HG01365,HG01455
MXL,NA19664,NA19679
CLM,HG01440,HG01362
PUR,HG01054,HG01048
CLM,HG01491,HG01455
PUR,HG01402,HG00739
CLM,HG01365,HG01130
PUR,HG01311,HG01079
PEL,HG01991,HG02265
CLM,HG01130,HG01377
PUR,HG01048,HG01392
PEL,HG01935,HG01565
PEL,HG01967,HG01961
PUR,HG01051,HG01161
PEL,HG02090,HG02262
MXL,NA19670,NA19750
PEL,HG01577,HG02285
CLM,HG01112,HG01362
MXL,NA19780,NA19735
PUR,HG01164,HG01107
MXL,NA19717,NA19756
CLM,HG01497,HG01136
PEL,HG02299,HG02277
PUR,HG01305,HG01247
PUR,HG00736,HG01063
CLM,HG01341,HG01374
CLM,HG01136,HG01359
CLM,HG01556,HG01359
PEL,HG01947,HG01967
PUR,HG01413,HG01094
MXL,NA19771,NA19658
KHV,HG01865,HG02141
CHB,NA18637,NA18633
CHS,HG00580,HG00653
CDX,HG02402,HG02367
CHB,NA18635,NA18608
CDX,HG02391,HG02402
CDX,HG02375,HG02360
CDX,HG02356,HG01810
CDX,HG02397,HG02356
CHS,HG00671,HG00650
KHV,HG02035,HG02134
CHS,HG00683,HG00631
CHB,NA18749,NA18745
KHV,HG02029,HG02067
CHB,NA18548,NA18645
CDX,HG02397,HG02392
CHB,NA18757,NA18745
JPT,NA19067,NA18953
CHS,HG00595,HG00613
CDX,HG02374,HG01811
CDX,HG02384,HG02382
JPT,NA18994,NA19056
KHV,HG02050,HG02017
CHS,HG00536,HG00619
JPT,NA18985,NA19009
CDX,HG02351,HG02399
CDX,HG02407,HG02401
CHB,NA18620,NA18536
CHS,HG00622,HG00565
JPT,NA18970,NA18984
JPT,NA18983,NA18986
CHB,NA18549,NA18562
CHB,NA18622,NA18548
CDX,HG02374,HG02371
CHB,NA18757,NA18623
KHV,HG02020,HG02032
CDX,HG02364,HG01031
CHB,NA18549,NA18748
KHV,HG02061,HG02076
KHV,HG01864,HG02047
CHB,NA18745,NA18543
CDX,HG02399,HG00844
KHV,HG02128,HG01596
CHB,NA18530,NA18563
CHS,HG00472,HG00445
CHB,NA18612,NA18572
JPT,NA18989,NA19067
KHV,HG02029,HG02088
CHB,NA18620,NA18562
CHB,NA18563,NA18647
CHB,NA18558,NA18633
KHV,HG02138,HG01852
CDX,HG01816,HG02351
CHS,HG00689,HG00457
CHS,HG00628,HG00653
KHV,HG02137,HG02076
CHB,NA18747,NA18620
CHB,NA18606,NA18748
CHB,NA18548,NA18559
KHV,HG01866,HG01840
CDX,HG02397,HG02385
KHV,HG02134,HG02017
KHV,HG02076,HG02122
CHS,HG00475,HG00500
JPT,NA18952,NA18965
CHS,HG00634,HG00704
CHS,HG00671,HG00445
CDX,HG02380,HG02375
KHV,HG02134,HG01872
CHS,HG00613,HG00692
CHB,NA18648,NA18572
CHS,HG00583,HG00556
JPT,NA19006,NA19070
KHV,HG02023,HG02116
CHB,NA18623,NA18548
KHV,HG01849,HG01842
JPT,NA19058,NA19060
CHS,HG00406,HG00565
CHS,HG00536,HG00674
CDX,HG02351,HG02383
KHV,HG02020,HG02076
CHB,NA18633,NA18608
KHV,HG02085,HG01842
JPT,NA18960,NA18983
CHS,HG00595,HG00610
CDX,HG02371,HG02398
KHV,HG02064,HG02070
KHV,HG02035,HG02017
KHV,HG01872,HG02032
CHS,HG00704,HG00448
CHB,NA18747,NA18749
CDX,HG02373,HG01811
CHS,HG00409,HG00689
KHV,HG01844,HG02020
CHB,NA18636,NA18563
KHV,HG01873,HG02076
CDX,HG02379,HG02382
CHB,NA18647,NA18536
CHS,HG00598,HG00442
KHV,HG02070,HG02137
CHS,HG00662,HG00533
KHV,HG02131,HG01860
JPT,NA19068,NA19066
CHS,HG00463,HG00524
CDX,HG02406,HG02391
CDX,HG02371,HG02389
CHS,HG00463,HG00613
JPT,NA19009,NA19062
CHS,HG00448,HG00409
CDX,HG02391,HG02389
CHS,HG00662,HG00728
KHV,HG01861,HG02521
CHS,HG00595,HG00607
CHS,HG00662,HG00701
CHB,NA18648,NA18563
CHB,NA18534,NA18636
JPT,NA19068,NA19072
KHV,HG02138,HG01873
JPT,NA18945,NA18984
CDX,HG01031,HG02364
CHB,NA18611,NA18749
CHS,HG00595,HG00445
JPT,NA18986,NA18983
CDX,HG02364,HG02406
CHB,NA18611,NA18536
CHB,NA18647,NA18613
CHB,NA18603,NA18606
CHB,NA18546,NA18624
JPT,NA19062,NA18953
JPT,NA19058,NA18948
CHB,NA18636,NA18557
CHB,NA18572,NA18623
CDX,HG02410,HG02371
JPT,NA19006,NA18971
CDX,HG02397,HG02379
JPT,NA19063,NA19062
CHS,HG00442,HG00589
CDX,HG02409,HG02386
JPT,NA18985,NA19083
CHB,NA18647,NA18748
KHV,HG01865,HG02134
KHV,HG02116,HG02134
CHB,NA18549,NA18632
CDX,HG00982,HG02384
KHV,HG01849,HG01860
JPT,NA18960,NA19005
JPT,NA18984,NA19089
JPT,NA19091,NA18961
CDX,HG02392,HG01810
JPT,NA19091,NA19076
CHB,NA18608,NA18603
JPT,NA19067,NA18959
JPT,NA19088,NA19086
JPT,NA18940,NA19062
CHS,HG00536,HG00625
CHB,NA18639,NA18609
CHB,NA18639,NA18632
CHB,NA18605,NA18608
CHB,NA18611,NA18748
KHV,HG02061,HG02064
JPT,NA18970,NA18960
CHS,HG00613,HG00622
CHB,NA18645,NA18562
KHV,HG01864,HG01867
JPT,NA19072,NA18977
CDX,HG02367,HG00844
JPT,NA19072,NA18985
JPT,NA19006,NA18970
CHS,HG00448,HG00683
KHV,HG02128,HG02047
KHV,HG02138,HG02061
KHV,HG02122,HG01864
KHV,HG02070,HG02032
CHS,HG00448,HG00500
KHV,HG01861,HG02032
KHV,HG01852,HG01840
KHV,HG02023,HG02512
CHS,HG00442,HG00530
CHB,NA18549,NA18572
CHS,HG00589,HG00436
CHS,HG00589,HG00619
JPT,NA18984,NA19082
KHV,HG02128,HG02512
JPT,NA19063,NA18988
CDX,HG01810,HG02394
JPT,NA19091,NA19088
CDX,HG02353,HG01810
JPT,NA18984,NA19058
CDX,HG02386,HG02389
JPT,NA19056,NA18983
JPT,NA18953,NA18944
CHB,NA18757,NA18603
CHB,NA18613,NA18647
CHS,HG00698,HG00701
CDX,HG02375,HG02367
CDX,HG02385,HG02383
CHB,NA18638,NA18749
KHV,HG02079,HG02020
KHV,HG02067,HG02040
JPT,NA19006,NA18986
BEB,HG03821,HG03911
ITU,HG03872,HG03963
BEB,HG03615,HG03603
BEB,HG04176,HG04155
GIH,NA20889,NA20895
BEB,HG03815,HG04140
STU,HG04100,HG03943
BEB,HG04173,HG03603
PJL,HG02657,HG02780
GIH,NA20901,NA21117
GIH,NA20887,NA20866
ITU,HG04198,HG04093
STU,HG03998,HG03680
GIH,NA20890,NA20861
ITU,HG03872,HG04020
ITU,HG03963,HG03976
ITU,HG03866,HG04002
ITU,HG04225,HG04206
STU,HG03680,HG03744
BEB,HG04161,HG03911
PJL,HG03708,HG02490
GIH,NA20911,NA20905
PJL,HG03660,HG02648
ITU,HG03729,HG03775
PJL,HG02657,HG03021
STU,HG03999,HG03900
BEB,HG03902,HG04188
BEB,HG03585,HG03926
PJL,HG02783,HG03667
STU,HG03985,HG03697
BEB,HG03833,HG03006
ITU,HG03778,HG03729
GIH,NA21104,NA20890
BEB,HG03911,HG04152
BEB,HG04152,HG04182
ITU,HG03742,HG03713
PJL,HG02783,HG02733
STU,HG03950,HG03846
BEB,HG04188,HG03009
GIH,NA20852,NA20846
PJL,HG02687,HG03228
PJL,HG03649,HG02657
PJL,HG03018,HG02733
BEB,HG04158,HG04164
PJL,HG02597,HG02699
PJL,HG02733,HG02786
ITU,HG03779,HG04019
ITU,HG03971,HG04015
BEB,HG03800,HG03585
GIH,NA21111,NA20901
STU,HG03679,HG03695
BEB,HG03803,HG03824
PJL,HG02736,HG03629
PJL,HG02724,HG02736
PJL,HG03629,HG03702
STU,HG03753,HG03681
GIH,NA20846,NA20903
ITU,HG03788,HG04211
ITU,HG04206,HG03792
BEB,HG03585,HG04161
GIH,NA20870,NA21094
ITU,HG04015,HG03777
GIH,NA20867,NA20903
BEB,HG04158,HG03920
BEB,HG03902,HG03815
STU,HG03745,HG03851
ITU,HG03771,HG03963
STU,HG03696,HG03744
STU,HG03646,HG03950
BEB,HG03012,HG03009
ITU,HG03960,HG04023
ITU,HG04061,HG04222
GIH,NA20885,NA21109
PJL,HG03228,HG03767
GIH,NA21126,NA21094
STU,HG03856,HG03998
BEB,HG03593,HG03812
STU,HG04006,HG03679
GIH,NA21113,NA21117
BEB,HG03908,HG03809
BEB,HG04161,HG03824
ITU,HG04238,HG04198
BEB,HG03803,HG04146
PJL,HG03708,HG02657
BEB,HG03821,HG03593
ITU,HG03960,HG03771
ITU,HG03785,HG04002
ITU,HG04206,HG03967
BEB,HG03902,HG03594
ITU,HG03963,HG04238
ITU,HG03790,HG04019
GIH,NA21087,NA20845
STU,HG03744,HG03953
STU,HG03685,HG03686
ITU,HG04023,HG03969
STU,HG03694,HG03850
BEB,HG04161,HG03830
BEB,HG04188,HG04155
GIH,NA20891,NA21129
ITU,HG03727,HG03974
BEB,HG03809,HG04146
ITU,HG04023,HG03785
GIH,NA20891,NA21135
PJL,HG03015,HG02733
ITU,HG04080,HG04222
BEB,HG04146,HG04173
BEB,HG03902,HG03824
BEB,HG03600,HG03908
PJL,HG03767,HG02780
GIH,NA21099,NA20904
GIH,NA21107,NA20864
GIH,NA20858,NA21099
ITU,HG03777,HG03965
BEB,HG03615,HG03012
STU,HG03750,HG03900
PJL,HG02654,HG02774
STU,HG04039,HG04100
PJL,HG02684,HG02696
BEB,HG03815,HG04152
GIH,NA20870,NA21111
BEB,HG03824,HG03006
ITU,HG03867,HG03779
PJL,HG02789,HG02792
ITU,HG04019,HG03969
BEB,HG03593,HG03809
STU,HG03740,HG03990
STU,HG03744,HG03896
STU,HG03744,HG04006
GIH,NA20889,NA20891
GIH,NA21123,NA20850
ITU,HG04022,HG03792
STU,HG03844,HG03711
BEB,HG04131,HG03941
STU,HG03896,HG03697
STU,HG03900,HG03694
BEB,HG04188,HG03914
STU,HG03896,HG03953
ITU,HG03727,HG04020
GIH,NA20903,NA21093
BEB,HG03917,HG03830
STU,HG03953,HG03679
BEB,HG03920,HG03914
STU,HG03846,HG03953
PJL,HG03624,HG03702
BEB,HG03920,HG03911
STU,HG03887,HG03851
PJL,HG03015,HG03018
GIH,NA21130,NA21090
PJL,HG03652,HG02657
ITU,HG04022,HG04225
STU,HG03887,HG03850
STU,HG04107,HG03848
BEB,HG04146,HG03917
STU,HG03685,HG03687
GIH,NA21135,NA20845
ITU,HG03960,HG03871
BEB,HG04155,HG03941
ITU,HG03785,HG03960
BEB,HG03812,HG03809
STU,HG03854,HG03687
ITU,HG03971,HG03978
STU,HG04229,HG03844
BEB,HG04140,HG03615
ITU,HG03718,HG03727
GIH,NA20863,NA21127
ITU,HG04061,HG03792
BEB,HG04194,HG03594
ITU,HG04225,HG03727
ITU,HG03969,HG04017
BEB,HG04131,HG04194
STU,HG03953,HG03887
GIH,NA21104,NA21119
GIH,NA20858,NA20852
PJL,HG02792,HG02733
STU,HG03743,HG03740
ITU,HG04235,HG03976
GIH,NA21092,NA20897
GIH,NA21095,NA21126
PJL,HG02699,HG03018
ITU,HG04080,HG04225
PJL,HG02681,HG02684
GIH,NA21116,NA20903
PJL,HG01586,HG03667
STU,HG04003,HG03672
STU,HG03896,HG03885
PJL,HG01589,HG02786
GIH,NA20884,NA20895
BEB,HG03833,HG04194
ITU,HG03718,HG03866
BEB,HG03594,HG03917
PJL,HG03228,HG03624
PJL,HG03490,HG02690
GIH,NA21115,NA20863
PJL,HG02684,HG03660
BEB,HG04176,HG03585
STU,HG03850,HG03985
PJL,HG02657,HG03649
PJL,HG03624,HG02780
GIH,NA21123,NA20911
BEB,HG04155,HG03917
